{"a": 1.2712302083177083, "b": 5.346087581499531, "capcorr": 0.10653720727392076, "floor": 2, "station_term": {"BBJI": 0.3965552123380997, "BKB": 0.023279441924553113, "BNDI": -0.04334021569731055, "CMAI": -0.3145948182158381, "CMMT": -0.08141690173542149, "CRAI": -0.34197316939892713, "FAKI": 0.17628205710366882, "GSI": 0.004491762717123884, "IPM": 0.2890227564666684, "JAGI": 0.08242343388674561, "JAY": 0.7117459508135942, "KAPI": 0.15903827683760616, "KKM": 0.27813360884792787, "KOM": 0.38870712047243156, "KSM": 0.2898635081278851, "KUM": 0.6296573170711476, "LHMI": -0.013324268702440852, "LOEI": -0.8705699342919503, "LSA": 0.15846489599887723, "LUWI": -0.002403774920969133, "MHIT": -0.037922582854158754, "MMRI": 0.15840980623612183, "MNAI": -0.037892213453107094, "NGU": -0.12246329450650252, "NPW": -0.12360092956790467, "PBA": 0.15325270319308915, "PBKT": -0.16309766504821374, "PHRA": -0.9974896656137495, "PLAI": -0.03620015269111884, "PMBI": -0.12950811433973655, "PRAC": -1.6992610825661902, "SBM": 0.38679897967908033, "SMRI": -0.1828460245735812, "SOEI": 0.09312292211544348, "SRDT": 0.3983402606435485, "TGI": -0.005655719215022066, "TNTI": 0.5365713719853098, "TOLI2": 0.2048740127113064, "UBPT": -0.167565464948854, "XMI": -0.14790940682926443}, "form": "mbP = log10(pd_w) + a*log10(R) + b + station_term + capcorr*[w<10]; w=clip(floor(S-P-1),2,10); USGS-mb anchored", "n_records": 16471}